Date,Price,Total Volume,Market Cap
2022-01-01 05:30:00,3686.4025423019352,14298378834.359474,439790867552.76666
2022-01-02 05:30:00,3780.315874327848,9948120591.378103,449804685410.7303
2022-01-03 05:30:00,3835.3959914939574,10069690529.898535,456852400304.9327
2022-01-04 05:30:00,3769.4049401148714,12462872357.255108,448609586227.47644
2022-01-05 05:30:00,3794.908130100449,13853786397.222265,454574318762.6068
2022-01-06 05:30:00,3556.9062274078738,18782873941.21831,424088794962.4891
2022-01-07 05:30:00,3416.8260086159135,24467182063.00624,407652437129.1328
2022-01-08 05:30:00,3201.79457434796,24359369448.53183,381283293110.7904
2022-01-09 05:30:00,3101.0409016141402,15966769090.792395,369734313550.987
2022-01-10 05:30:00,3156.967262159481,11906478540.265388,375219467789.3698
2022-01-11 05:30:00,3086.7290024387257,19655314714.55994,367654760059.0176
2022-01-12 05:30:00,3246.413723028553,14922195360.075489,387505881839.82996
2022-01-13 05:30:00,3378.0358951715943,15285972614.67417,402763358249.81146
2022-01-14 05:30:00,3256.7588661330324,13999771252.160748,388039946028.0792
2022-01-15 05:30:00,3311.986061274383,12316286854.849726,394664610644.99524
2022-01-16 05:30:00,3331.246655159985,8659658467.059889,396899234936.6389
2022-01-17 05:30:00,3356.2954438590405,9002833937.226437,400232172277.67896
2022-01-18 05:30:00,3216.592980619574,11938682376.103683,383428420242.12994
2022-01-19 05:30:00,3166.4539115046164,12700158860.46528,377918294939.4783
2022-01-20 05:30:00,3097.0214660626802,12762451059.939085,371296193085.12195
2022-01-21 05:30:00,3015.588777543836,13389582889.566511,360580494818.73
2022-01-22 05:30:00,2564.3433423740635,29314647992.596836,306644499897.7337
2022-01-23 05:30:00,2407.377851608285,28250265353.796116,286799916366.57184
2022-01-24 05:30:00,2537.836727861043,17123741957.54585,302626363351.5348
2022-01-25 05:30:00,2447.831512095295,28735520619.97796,292022326101.0083
2022-01-26 05:30:00,2465.21922984942,16139625164.237488,293702336549.67474
2022-01-27 05:30:00,2470.4304120157067,21415081805.12725,295723346868.75024
2022-01-28 05:30:00,2411.863855325421,16482912982.01206,287829476402.6202
2022-01-29 05:30:00,2551.1110735194716,14326314172.126577,304305302571.33734
2022-01-30 05:30:00,2603.603872339056,10742621684.922014,310059710546.2545
2022-01-31 05:30:00,2610.1824055910874,8937393969.826124,311602914058.75037
2022-02-01 05:30:00,2689.2208672204492,13818587053.759966,320354563857.1168
2022-02-02 05:30:00,2797.434855273681,13176431108.286674,334032944115.64844
2022-02-03 05:30:00,2690.319739476765,13860391591.281128,321296521004.9529
2022-02-04 05:30:00,2667.256728215686,21844552552.403343,317503695895.34064
2022-02-05 05:30:00,2993.0994395135976,18766789788.28106,354558118293.0548
2022-02-06 05:30:00,3018.6733981571506,13036212065.007109,361600442694.43896
2022-02-07 05:30:00,3062.8058084507857,9025772577.382162,366038313761.43805
2022-02-08 05:30:00,3149.953285509783,14427983727.88122,376351043607.997
2022-02-09 05:30:00,3127.438106740214,16856365272.811357,374043919421.316
2022-02-10 05:30:00,3240.9210444877285,14005361496.44425,387321193246.79065
2022-02-11 05:30:00,3081.911501840844,18990367974.117947,368377710139.77985
2022-02-12 05:30:00,2930.5631692063735,16560032290.708168,350133590835.08734
2022-02-13 05:30:00,2918.0853674291184,11367427285.455873,347517755313.83966
2022-02-14 05:30:00,2889.235678281073,9020562479.291342,345252969326.4971
2022-02-15 05:30:00,2935.6454998606846,12117644856.003006,351368910987.00305
2022-02-16 05:30:00,3179.3002065350443,14189484930.460047,381791121976.2447
2022-02-17 05:30:00,3128.640780542462,13120593628.157278,376071884044.5087
2022-02-18 05:30:00,2881.613122162859,16242836366.095669,345252572787.0988
2022-02-19 05:30:00,2792.3038477186237,16064045339.56507,333997569707.84204
2022-02-20 05:30:00,2768.9716520348597,9956229564.570753,330814655802.00714
2022-02-21 05:30:00,2632.49139911745,12215462928.563446,315015971538.73315
2022-02-22 05:30:00,2574.513383778016,19206327576.145523,308836894427.69006
2022-02-23 05:30:00,2644.153655546016,16856627508.447924,317004525462.3889
2022-02-24 05:30:00,2594.700959110155,13713218952.651205,310997586955.65283
2022-02-25 05:30:00,2599.9335696870216,30992409365.835472,311533514951.14
2022-02-26 05:30:00,2771.890509646429,17751279835.572117,333625150661.6757
2022-02-27 05:30:00,2785.3389569017427,11984293384.913609,332645349329.944
2022-02-28 05:30:00,2629.48312082149,17309819254.70233,314566178973.5596
2022-03-01 05:30:00,2919.294962425658,19832961026.345818,349056335389.1799
2022-03-02 05:30:00,2977.276039756805,19012291817.365406,355855644056.71844
2022-03-03 05:30:00,2953.315776286441,17023997910.606855,353807222059.12616
2022-03-04 05:30:00,2836.9063366005576,13786702924.254955,340585349633.38696
2022-03-05 05:30:00,2619.356137634489,15538211354.189482,314336377085.58026
2022-03-06 05:30:00,2668.70597865687,8652610729.437431,319334318240.9434
2022-03-07 05:30:00,2558.359874049847,9377488374.702219,306675297178.70435
2022-03-08 05:30:00,2498.658864965217,15295190068.57191,299834957580.4126
2022-03-09 05:30:00,2576.6271539947625,14681251925.804962,309291567872.3395
2022-03-10 05:30:00,2731.037685293996,15208159162.669767,327144318378.6509
2022-03-11 05:30:00,2611.4647225047097,13843643777.451271,313054369877.37134
2022-03-12 05:30:00,2562.8323535359655,12313723771.430836,307992205234.7309
2022-03-13 05:30:00,2579.4581356883637,6288630630.865574,309539252974.5316
2022-03-14 05:30:00,2518.492845270615,8570037700.961715,302103577555.32056
2022-03-15 05:30:00,2591.5420409591425,10951215810.637651,310467033555.37006
2022-03-16 05:30:00,2620.363852420936,12439580087.508198,314931220494.93384
2022-03-17 05:30:00,2771.759457292368,19785262485.166782,333204590005.1927
2022-03-18 05:30:00,2817.401074966818,12593189074.637096,338097336083.8262
2022-03-19 05:30:00,2945.7459101862714,14540256794.800894,353539105454.5327
2022-03-20 05:30:00,2947.226158224087,10359721811.614828,353770129278.67426
2022-03-21 05:30:00,2860.641960901919,11304953073.460001,343170506313.24133
2022-03-22 05:30:00,2896.5869324317464,13890729058.80007,347666776668.2674
2022-03-23 05:30:00,2969.78498365825,15671928047.784338,356813271188.88025
2022-03-24 05:30:00,3028.8352577107285,14257143986.39263,363715804798.513
2022-03-25 05:30:00,3106.657023584939,16202188701.767122,373177111114.7027
2022-03-26 05:30:00,3106.072054158695,15532463157.18736,373074920726.7511
2022-03-27 05:30:00,3140.8757105064406,7615867102.157496,377825418684.3759
2022-03-28 05:30:00,3285.1730967305425,11980084883.788645,394486853105.0086
2022-03-29 05:30:00,3328.9341246867148,18514225350.60662,399977979554.21063
2022-03-30 05:30:00,3401.184431040135,17936369661.586555,408153998267.8274
2022-03-31 05:30:00,3383.7887617814154,14183468637.6598,407460530687.7479
2022-04-01 05:30:00,3283.3028425717257,16222256121.186861,394628513775.2061
2022-04-02 05:30:00,3451.1960908672754,19701116865.137077,414854897478.46454
2022-04-03 05:30:00,3440.3362384891684,22091140764.533768,413595262456.1556
2022-04-04 05:30:00,3521.5847247785246,14019828281.404171,423410516389.8548
2022-04-05 05:30:00,3520.9671175043636,16925919013.954468,423367935034.98956
2022-04-06 05:30:00,3422.9698837547116,15114055501.97898,412944890807.9602
2022-04-07 05:30:00,3171.371104498954,26109763334.73009,382808702033.7895
2022-04-08 05:30:00,3232.834988999582,16149775914.530878,388867320187.2107
2022-04-09 05:30:00,3192.0250912893603,17523939555.353264,382662893229.3914
2022-04-10 05:30:00,3265.938067729151,9316769843.73387,392551461530.81824
2022-04-11 05:30:00,3219.159553453764,10005373137.102016,388982079663.2629
2022-04-12 05:30:00,2992.7021064252435,21142997359.75918,360149250762.0514
2022-04-13 05:30:00,3038.209421996366,18977679663.55036,365661388410.7189
2022-04-14 05:30:00,3121.399823462041,15452917855.24062,375767680796.0061
2022-04-15 05:30:00,3023.417211885316,15895586504.785799,363962080917.9128
2022-04-16 05:30:00,3045.42807480128,12543243551.278517,366695398817.36127
2022-04-17 05:30:00,3066.3580141449797,9063939048.316748,369787917596.8767
2022-04-18 05:30:00,2995.719421019825,9543306566.22193,360748880962.95123
2022-04-19 05:30:00,3061.8905711469047,18188817400.079117,368758484169.854
2022-04-20 05:30:00,3104.688447526111,13472639207.148006,373782979942.61957
2022-04-21 05:30:00,3079.6764776018495,15155965878.384497,370910549448.9755
2022-04-22 05:30:00,2987.4888760341605,20529419340.296413,359917773311.257
2022-04-23 05:30:00,2967.085285238213,16155619718.968117,357702343019.6129
2022-04-24 05:30:00,2940.6879777714407,8633203957.82989,354358143094.8383
2022-04-25 05:30:00,2922.901865199808,9196851418.265764,352895958715.2752
2022-04-26 05:30:00,3008.3363470853,22037549638.799118,362590296737.94165
2022-04-27 05:30:00,2806.748835957046,17750798288.906208,338098235743.8579
2022-04-28 05:30:00,2889.5922230230817,17036298768.907473,348355348857.35516
2022-04-29 05:30:00,2932.455083612903,18249410920.251778,353388170472.60077
2022-04-30 05:30:00,2817.4898821916195,17902735173.807156,340291788026.5969
2022-05-01 05:30:00,2738.1741359527714,12618462103.401344,330211251741.10095
2022-05-02 05:30:00,2832.513106895354,14489173444.820097,341626180826.6119
2022-05-03 05:30:00,2861.3723755560436,17701813870.710365,345080135066.0433
2022-05-04 05:30:00,2786.0472478011084,12836324477.777216,336655132684.7217
2022-05-05 05:30:00,2942.052313122658,17336934449.712643,355229761723.3485
2022-05-06 05:30:00,2753.936566546688,20868783132.923206,332103738939.991
2022-05-07 05:30:00,2699.7072470893745,20516541977.493565,325971900416.40796
2022-05-08 05:30:00,2641.229106940243,12528069434.498928,319030900103.94275
2022-05-09 05:30:00,2517.8299224886478,20582973186.12796,304412453306.29724
2022-05-10 05:30:00,2249.8909622207443,34392685561.846504,271594796946.79037
2022-05-11 05:30:00,2344.797715643986,36844564808.016556,283082341315.2594
2022-05-12 05:30:00,2080.910243657776,46548009611.49195,250066823474.8895
2022-05-13 05:30:00,1966.6991711336661,41621733327.158905,238137944005.85858
2022-05-14 05:30:00,2010.214051125259,23979529161.232746,243391440608.9294
2022-05-15 05:30:00,2064.229357512243,14395772634.811949,249319115268.20465
2022-05-16 05:30:00,2147.047447880575,14395455889.043333,259350256988.01163
2022-05-17 05:30:00,2025.8886983912162,20068743681.95205,244741893933.73114
2022-05-18 05:30:00,2095.178884796724,17005002529.405003,253640825085.77072
2022-05-19 05:30:00,1915.1771232664505,15892119501.206236,232056327519.7834
2022-05-20 05:30:00,2023.8482593608173,17828306698.714794,244359004842.60373
2022-05-21 05:30:00,1963.9909395294865,14638100162.773735,237366807798.8157
2022-05-22 05:30:00,1978.1471325624789,7551508571.492984,239102942424.56775
2022-05-23 05:30:00,2046.6463496545232,9623174527.738039,247730054115.44598
2022-05-24 05:30:00,1974.5811944790914,14627311157.92938,238722810744.1854
2022-05-25 05:30:00,1979.770545006472,12880481567.942186,239375431792.86758
2022-05-26 05:30:00,1944.8428445072448,12554611854.439222,235347664835.4594
2022-05-27 05:30:00,1807.9694742881136,22669347246.961388,219247293980.15558
2022-05-28 05:30:00,1724.8757340323443,24344535948.91357,208622909553.50162
2022-05-29 05:30:00,1798.6948545788846,12004308559.066864,217791356992.8858
2022-05-30 05:30:00,1814.9831598025937,9767849361.351788,219535934457.98206
2022-05-31 05:30:00,1995.9364841552344,18803016950.09315,241204871683.00946
2022-06-01 05:30:00,1944.078766836179,17409076011.07384,235235428449.11987
2022-06-02 05:30:00,1828.8926546074292,19904831726.00975,221596716649.26758
2022-06-03 05:30:00,1833.089840845753,16444980823.786707,222487488380.58923
2022-06-04 05:30:00,1776.979907458187,15012416794.069233,214879733566.94196
2022-06-05 05:30:00,1804.2616695112486,8295912402.90654,217832477905.49496
2022-06-06 05:30:00,1805.3313949894373,8385254999.857006,218561175507.6209
2022-06-07 05:30:00,1860.1813068416047,16623006597.793545,225224111085.68793
2022-06-08 05:30:00,1818.3877119829308,23647547692.445885,220727955347.00992
2022-06-09 05:30:00,1794.539625671828,17712874976.607395,217320792647.69748
2022-06-10 05:30:00,1788.4182866616045,10469080004.414614,216720355679.05618
2022-06-11 05:30:00,1663.844367412088,17639990086.322327,201384347491.6296
2022-06-12 05:30:00,1530.0386174317211,20409428647.9328,185302828001.8518
2022-06-13 05:30:00,1454.6867601728409,22843765038.754616,176649606143.59042
2022-06-14 05:30:00,1205.5952855404787,47571733027.00858,146072737222.6309
2022-06-15 05:30:00,1214.8662649132034,32772246927.059067,146866764082.71503
2022-06-16 05:30:00,1230.3643353556051,39679810344.68712,148791271623.67947
2022-06-17 05:30:00,1068.6035748646073,18016510161.232018,129200159744.2964
2022-06-18 05:30:00,1087.8139244584365,14067259810.778109,132057112459.09528
2022-06-19 05:30:00,995.2525692707909,21112670623.39463,120148911164.20312
2022-06-20 05:30:00,1125.7540917942745,21676867429.837547,136214925416.2125
2022-06-21 05:30:00,1132.0543935828048,19817753726.316406,136360308696.36774
2022-06-22 05:30:00,1124.5613920165545,14838197887.543182,136466936749.80061
2022-06-23 05:30:00,1051.0740681589236,14331217471.338781,127762640725.99548
2022-06-24 05:30:00,1144.4807534808065,14247953151.150192,138845063633.00702
2022-06-25 05:30:00,1229.3040854466553,16288488163.424995,150370804175.61023
2022-06-26 05:30:00,1244.2862044953927,11692717741.724768,150822450290.39703
2022-06-27 05:30:00,1201.237790641909,11375746747.404722,145727702946.91232
2022-06-28 05:30:00,1194.2245084746116,12044359298.246725,144903396178.83267
2022-06-29 05:30:00,1143.5335357209958,13181896477.373173,138578887988.78128
2022-06-30 05:30:00,1098.9055176105344,14755440934.326208,133275228451.34706
2022-07-01 05:30:00,1057.6309990608017,15402670572.44401,125647331913.1351
2022-07-02 05:30:00,1068.8194401301964,17420131787.73736,128274306967.60861
2022-07-03 05:30:00,1068.5415025999594,9601263305.049065,127772810160.63632
2022-07-04 05:30:00,1074.6073175787587,7939419238.560307,128552380046.80464
2022-07-05 05:30:00,1153.3483147880897,13827342516.34925,137709680960.0187
2022-07-06 05:30:00,1134.017069659217,15393490017.737787,135655130079.77824
2022-07-07 05:30:00,1188.72564292538,14422132961.962864,142216914175.49112
2022-07-08 05:30:00,1240.3784056617153,13170522513.182203,148622605231.4957
2022-07-09 05:30:00,1233.5146792602989,15346600702.3086,148022842649.44733
2022-07-10 05:30:00,1216.8497068484603,7870254817.813988,145667751203.8659
2022-07-11 05:30:00,1169.012707661018,10374466605.406368,139844141994.57858
2022-07-12 05:30:00,1097.4494380477286,11693162178.034164,131363492852.48433
2022-07-13 05:30:00,1040.7971455029597,11555798332.527388,124831295049.54146
2022-07-14 05:30:00,1112.9207827012565,17936886119.90067,132986401488.71631
2022-07-15 05:30:00,1191.1308371103116,16474223860.658737,142767764050.56015
2022-07-16 05:30:00,1234.0991389763224,16817194904.2499,147677565536.3019
2022-07-17 05:30:00,1355.04564021949,19025831554.91271,161839496479.48514
2022-07-18 05:30:00,1344.7202840019017,15797648344.457474,161551223982.244
2022-07-19 05:30:00,1570.6589588642053,26437290054.27533,187518878564.43118
2022-07-20 05:30:00,1542.6298214332235,27749085857.707005,184299116474.0005
2022-07-21 05:30:00,1527.4139307593093,21728126383.56131,183383314168.63928
2022-07-22 05:30:00,1576.8252394976823,19411405082.967407,188807814065.77225
2022-07-23 05:30:00,1536.124922238913,18084368731.242767,183933879174.97644
2022-07-24 05:30:00,1552.4964891908746,14901008279.154797,185766674503.14
2022-07-25 05:30:00,1601.2079670127046,16058331978.02615,192833875418.8718
2022-07-26 05:30:00,1450.4822852139405,19852493229.276333,176371406952.78534
2022-07-27 05:30:00,1438.9880382230651,17711985937.250435,172489862867.98703
2022-07-28 05:30:00,1636.9491814677851,22792557484.269226,195761014376.11777
2022-07-29 05:30:00,1723.5485206790597,27508245872.984703,206347207632.4567
2022-07-30 05:30:00,1739.0421771356112,21792598232.364918,210767555013.8352
2022-07-31 05:30:00,1696.7850982136515,14236780342.012003,203433082401.51196
2022-08-01 05:30:00,1682.011373614746,12894604186.287697,201684547325.2247
2022-08-02 05:30:00,1636.0185563573557,15515408282.681604,195962280445.4563
2022-08-03 05:30:00,1638.3786826572205,19414686138.72405,197496591505.0525
2022-08-04 05:30:00,1621.3413236364065,15548536682.141968,194280005714.29996
2022-08-05 05:30:00,1612.4189067269824,14074560038.427649,192923352504.82288
2022-08-06 05:30:00,1725.3826270211505,17717475728.243652,206550599256.62897
2022-08-07 05:30:00,1693.2965918360276,11231103244.36643,203417937064.14215
2022-08-08 05:30:00,1699.0064178886953,9464715954.716835,203847481552.73074
2022-08-09 05:30:00,1775.7013555270828,15566998953.351175,213209087779.66412
2022-08-10 05:30:00,1698.9661290126492,24284375402.607098,204260348576.8655
2022-08-11 05:30:00,1852.8785552656473,21699442049.07331,222103417229.72577
2022-08-12 05:30:00,1881.4274054352998,21837068069.82725,225973452853.74725
2022-08-13 05:30:00,1959.3309247187408,15849264839.752771,235254593664.57745
2022-08-14 05:30:00,1982.4118280514233,14816745160.91679,237972056306.98938
2022-08-15 05:30:00,1936.7011636052605,12172210305.158232,232593263080.43414
2022-08-16 05:30:00,1908.2776419059185,18310871317.455875,229440415801.9887
2022-08-17 05:30:00,1880.6001012594395,14240230761.887741,225581585656.9299
2022-08-18 05:30:00,1834.8264526426372,18427553152.35174,220665870251.26813
2022-08-19 05:30:00,1850.1112910473696,13363780756.798216,222652366350.8803
2022-08-20 05:30:00,1618.5325042633535,22687362580.095345,194817731984.87317
2022-08-21 05:30:00,1579.4157230953704,16404512934.336613,189621068133.33334
2022-08-22 05:30:00,1624.149982884847,14174702673.113022,195324471844.68927
2022-08-23 05:30:00,1622.30703457785,16648637311.974203,193708156170.03223
2022-08-24 05:30:00,1665.7919073919315,17182337491.18613,199889229686.9934
2022-08-25 05:30:00,1657.7936424663385,15322907185.334568,199117634174.20898
2022-08-26 05:30:00,1697.0769719636442,12905826689.355816,204240810436.6186
2022-08-27 05:30:00,1510.1891114840514,23170035981.438354,181238520850.37888
2022-08-28 05:30:00,1496.0554659420902,15440053448.984152,179887478326.98642
2022-08-29 05:30:00,1438.7470503278116,10575504871.684057,173645963258.54285
2022-08-30 05:30:00,1555.1774560415913,16528644851.715965,187437853967.29883
2022-08-31 05:30:00,1525.400116232047,19704720195.3797,184447549243.54855
2022-09-01 05:30:00,1552.5629662281337,18596055350.613735,186670000430.8127
2022-09-02 05:30:00,1588.9803510869067,15076286516.891344,191078487039.94174
2022-09-03 05:30:00,1575.1766307276075,15857654357.09863,189678877652.6803
2022-09-04 05:30:00,1555.6740772078124,8500114333.500416,187266246294.68723
2022-09-05 05:30:00,1578.9493013433012,7827505125.483585,190082046955.22556
2022-09-06 05:30:00,1617.9354554854337,11815125728.969868,194714097035.8242
2022-09-07 05:30:00,1564.5589540302462,20860201644.41259,188733785486.0839
2022-09-08 05:30:00,1629.8832311636493,18560005397.32841,196797197824.30237
2022-09-09 05:30:00,1635.9321760130483,16676188643.15121,196882691710.49237
2022-09-10 05:30:00,1717.0769569840472,19418675070.680107,206873029263.2678
2022-09-11 05:30:00,1779.5190288833046,12521808520.701172,214315849498.72748
2022-09-12 05:30:00,1761.317355880691,11692754175.395372,211895058510.3476
2022-09-13 05:30:00,1710.1642908515214,16770566236.30973,205793007270.87155
2022-09-14 05:30:00,1573.2052136951713,22286700927.338142,189778580452.97882
2022-09-15 05:30:00,1635.3682061921256,17198033718.180206,196550513818.88647
2022-09-16 05:30:00,1471.999592516298,24787864366.63655,177918273632.48117
2022-09-17 05:30:00,1432.215807478607,17892819034.618076,172471655154.62585
2022-09-18 05:30:00,1471.2039553630448,10309763882.142286,177299639477.4967
2022-09-19 05:30:00,1335.8525523850524,14696599277.019012,161378107849.57123
2022-09-20 05:30:00,1379.920704526258,17757533838.1638,166370229681.14825
2022-09-21 05:30:00,1324.1905646155858,13605986462.228132,159844149938.74484
2022-09-22 05:30:00,1252.7745621685783,18732743241.62821,151084586604.48166
2022-09-23 05:30:00,1330.7927929218301,17517188721.084026,160415097114.1742
2022-09-24 05:30:00,1329.558806730321,17599766731.24086,160823914264.80762
2022-09-25 05:30:00,1318.099347021849,11251326609.48999,159030822515.26553
2022-09-26 05:30:00,1294.0750952797787,10552647869.67358,156146367767.27133
2022-09-27 05:30:00,1335.1212051991713,15270197375.846754,160767471777.8733
2022-09-28 05:30:00,1331.1501769338627,16685874856.004007,160800122124.8998
2022-09-29 05:30:00,1340.0230594816517,16571161476.253872,161716193676.29504
2022-09-30 05:30:00,1335.7389706335669,11834328252.392088,161267455734.36823
2022-10-01 05:30:00,1329.1460320707963,11849125783.759304,160462955554.32846
2022-10-02 05:30:00,1311.2633244162857,5052407840.714767,158410068981.48102
2022-10-03 05:30:00,1277.901345279672,6227268235.758528,154934842225.90906
2022-10-04 05:30:00,1323.5040179722914,8749663554.66095,159951067075.9052
2022-10-05 05:30:00,1363.2371821945037,8587836597.469869,164781680358.15567
2022-10-06 05:30:00,1352.5865243024869,8502549881.905833,163475522281.134
2022-10-07 05:30:00,1351.4273691979538,10653358724.953413,163307579801.84253
2022-10-08 05:30:00,1324.8947380290601,9123112355.727316,160084472602.33664
2022-10-09 05:30:00,1315.857799905668,4942603337.902456,159083423929.71472
2022-10-10 05:30:00,1322.2697552193713,4753165267.937541,159586330117.54977
2022-10-11 05:30:00,1291.0816596695552,7492362032.739503,156180434676.1384
2022-10-12 05:30:00,1279.8833075472612,8314705467.191551,154657511483.1829
2022-10-13 05:30:00,1294.2710513882173,7512521119.536691,156488571589.45505
2022-10-14 05:30:00,1288.1640147020812,15374968702.824959,155703285133.85605
2022-10-15 05:30:00,1297.6276053223842,11792024290.983032,156801885520.45496
2022-10-16 05:30:00,1275.6937773947975,5743906844.859241,154496140301.9263
2022-10-17 05:30:00,1306.943118828839,6318629607.96271,157219790372.87076
2022-10-18 05:30:00,1333.4408776301655,8639535764.06259,160690333948.33112
2022-10-19 05:30:00,1311.8067255158232,9536615488.397163,158082173402.60727
2022-10-20 05:30:00,1284.654933702257,8128527355.67816,154808369275.81442
2022-10-21 05:30:00,1282.0426467759612,8816030159.087742,154512893268.0924
2022-10-22 05:30:00,1299.8019052506386,8731620089.4909,156673724237.28812
2022-10-23 05:30:00,1313.767778723105,4996733236.216461,158365108378.3375
2022-10-24 05:30:00,1364.4868713063736,7794024007.581724,164218113409.75653
2022-10-25 05:30:00,1343.334491985092,10789079575.113602,161858058865.06808
2022-10-26 05:30:00,1462.0489375629863,19624530679.956947,176051206695.99817
2022-10-27 05:30:00,1568.7475855708392,24505395072.046234,189173389239.5451
2022-10-28 05:30:00,1514.8635252533977,17752430680.403706,182723289741.9848
2022-10-29 05:30:00,1555.0292135813938,15641652314.210123,187324850268.18915
2022-10-30 05:30:00,1619.4295836277443,17044927217.751923,195052502985.67032
2022-10-31 05:30:00,1591.0517734961002,10366405350.250761,191500820025.9781
2022-11-01 05:30:00,1572.979514885975,14900137160.396046,189478578997.59592
2022-11-02 05:30:00,1580.3787334402593,19199900507.15055,190428736966.3317
2022-11-03 05:30:00,1520.6383643789845,27498708818.133373,183368006193.10986
2022-11-04 05:30:00,1531.112630741574,22537458293.692245,184398997533.25903
2022-11-05 05:30:00,1644.1928578089398,36953923774.760704,198053929735.65234
2022-11-06 05:30:00,1626.8064304933644,21174006976.119827,196264485041.5907
2022-11-07 05:30:00,1572.9477769721586,22195586345.876583,189763621397.94974
2022-11-08 05:30:00,1569.9886360033397,30344896841.852493,188875473098.02014
2022-11-09 05:30:00,1334.2879331082395,32343101742.62143,160813058133.9897
2022-11-10 05:30:00,1095.1839771132936,29253284762.659542,131794377265.61275
2022-11-11 05:30:00,1301.5538803074423,24039423467.45047,156380990539.85645
2022-11-12 05:30:00,1293.9115948871518,17355612789.319725,155222424523.53937
2022-11-13 05:30:00,1255.6010507578437,8636739779.554464,151059842003.22357
2022-11-14 05:30:00,1223.0064433283683,7719000328.307081,147426038251.7689
2022-11-15 05:30:00,1241.997092728311,12056844339.739658,149987178583.21732
2022-11-16 05:30:00,1252.7067308366848,8940477028.374247,151062413577.56232
2022-11-17 05:30:00,1217.7020892163014,8870530650.446701,146462319554.31644
2022-11-18 05:30:00,1201.7898419641292,7075882101.619532,144894942760.29672
2022-11-19 05:30:00,1213.49631006335,5600678512.529781,146145817586.6032
2022-11-20 05:30:00,1218.8936571112463,3722348151.0022244,146971097131.67468
2022-11-21 05:30:00,1144.2531525085535,6826180055.62674,137964810712.74976
2022-11-22 05:30:00,1110.2882130124592,10372965080.612862,133733639793.52232
2022-11-23 05:30:00,1135.175811894246,9220536958.839794,137050514642.06917
2022-11-24 05:30:00,1184.4617581029652,9189536303.575544,142854533237.69275
2022-11-25 05:30:00,1204.2078028331202,6955523718.221009,145091739838.44122
2022-11-26 05:30:00,1198.9755884889066,5823202533.487156,144810246844.91675
2022-11-27 05:30:00,1205.6579602157142,5271100859.564753,145222050633.46432
2022-11-28 05:30:00,1196.1962195659255,4150923882.274703,144507830172.60718
2022-11-29 05:30:00,1170.115741471507,6467273323.741678,141048501904.6694
2022-11-30 05:30:00,1216.936420693739,7132972094.453388,146749281622.5983
2022-12-01 05:30:00,1298.94077037352,9889408117.518559,156777674228.40683
2022-12-02 05:30:00,1276.6393714030964,6400063074.120894,153787135286.89285
2022-12-03 05:30:00,1293.9480231782143,5644934957.241694,155766037022.93884
2022-12-04 05:30:00,1243.0408423289737,5183647936.284697,150322759022.75156
2022-12-05 05:30:00,1282.4164481394064,4842789176.374092,154484879835.4558
2022-12-06 05:30:00,1259.7575748565346,5795682744.772271,151960138515.5798
2022-12-07 05:30:00,1271.9354761263946,4765089563.175744,153112232020.5009
2022-12-08 05:30:00,1233.6250483990402,5392077793.333963,148778387852.61035
2022-12-09 05:30:00,1281.210637067264,5929103713.4824705,154438830699.8818
2022-12-10 05:30:00,1264.4773467215684,5743935111.263781,152405570526.73016
2022-12-11 05:30:00,1264.7922793495136,3136321665.2746277,152480155389.30975
2022-12-12 05:30:00,1264.317985551174,3179021750.4472365,152290250844.83786
2022-12-13 05:30:00,1275.332421155143,5107100671.713232,153743004467.3702
2022-12-14 05:30:00,1319.413007743119,8667920250.973438,159205793114.4748
2022-12-15 05:30:00,1308.4001523403851,8063349707.439905,157633274799.26862
2022-12-16 05:30:00,1263.7464240856877,6014960880.483797,152444818382.92126
2022-12-17 05:30:00,1165.9737772823325,9306680537.671982,140289330990.1754
2022-12-18 05:30:00,1189.4275215641987,4893469369.238545,143321475845.90793
2022-12-19 05:30:00,1186.7779210362507,3175705524.420867,143142028259.18048
2022-12-20 05:30:00,1166.9895905156618,4281620919.9824796,140848456817.4131
2022-12-21 05:30:00,1217.8888916641765,6463130153.512681,146802833364.30045
2022-12-22 05:30:00,1213.3431612255224,4086534541.450752,146039250786.06482
2022-12-23 05:30:00,1217.8525497108176,5190165001.535945,146741009624.09518
2022-12-24 05:30:00,1220.701744919786,4777025971.87922,147069822795.65387
2022-12-25 05:30:00,1221.3595303484499,2443348024.2152143,147173116811.52798
2022-12-26 05:30:00,1219.286343216304,3694243212.8174734,146840669268.71204
2022-12-27 05:30:00,1226.2534148310056,3071221733.631151,147697269147.94653
2022-12-28 05:30:00,1211.819562063861,4221450706.7612934,146030514727.00162
2022-12-29 05:30:00,1188.7286638821608,5177421363.012343,143241827136.73636
2022-12-30 05:30:00,1201.5431060594274,4174715683.6280565,144831301452.10547
2022-12-31 05:30:00,1199.1104971711857,4110733112.8102927,144611517916.40677
2023-01-01 05:30:00,1196.6130648084502,2891351007.4251895,144188788703.97467
2023-01-02 05:30:00,1200.65921690107,2179799161.0385365,144712215098.15164
2023-01-03 05:30:00,1214.3789459253508,3845095582.093461,146443084804.90094
2023-01-04 05:30:00,1214.760969419338,3385566691.456905,146422424046.4976
2023-01-05 05:30:00,1256.4366037834864,6727208484.546551,151322902029.0838
2023-01-06 05:30:00,1250.7922522355914,4052351544.8201857,150805231900.39493
2023-01-07 05:30:00,1270.028610178057,5222706873.557585,153115414332.1746
2023-01-08 05:30:00,1264.8369433837202,2439388823.0572276,152351777734.96948
2023-01-09 05:30:00,1284.5754041342987,3401917835.2694077,154857941332.0086
2023-01-10 05:30:00,1321.676571173056,8615288094.160769,159397504473.27673
2023-01-11 05:30:00,1336.017071771777,6390063040.044838,160999220384.61914
2023-01-12 05:30:00,1389.7716620941067,6779329581.863201,167839113151.03107
2023-01-13 05:30:00,1417.134908743914,13360962683.072271,170890542806.26074
2023-01-14 05:30:00,1453.3769102089225,8386970426.225097,174798760594.58777
2023-01-15 05:30:00,1549.111474081304,15505376250.712307,187276048380.94897
2023-01-16 05:30:00,1551.324517175301,7074931051.0836935,186901700956.48312
2023-01-17 05:30:00,1577.725890482971,9434570734.551754,190122961411.69482
2023-01-18 05:30:00,1569.5308332272923,8482482040.670269,188982728685.09735
2023-01-19 05:30:00,1516.555475473704,11809477723.65587,183517931282.58932
2023-01-20 05:30:00,1550.5088875585636,6871702648.394773,186967330908.32364
2023-01-21 05:30:00,1661.3349193405402,9228892411.460192,200011161010.51965
2023-01-22 05:30:00,1625.9093109886562,9663018503.707115,195908718395.08084
2023-01-23 05:30:00,1630.8448549407967,8233555835.053316,196512572594.40756
2023-01-24 05:30:00,1632.9617267135266,9037743837.862547,196541663696.43738
2023-01-25 05:30:00,1557.0597608721732,9078639809.982983,187270576772.9432
2023-01-26 05:30:00,1614.6771850629295,11946053798.490387,194402223992.62006
2023-01-27 05:30:00,1602.8469492523193,10076436860.255999,193276131177.59738
2023-01-28 05:30:00,1598.4701935450053,9593062923.130283,192677648328.43668
2023-01-29 05:30:00,1573.0634394330648,6523949724.808857,189301295262.2017
2023-01-30 05:30:00,1646.5159900930198,10037370816.308008,198339307428.10373
2023-01-31 05:30:00,1568.64771349631,10977781767.502348,188787565951.33054
2023-02-01 05:30:00,1586.5395765836909,7544090211.946499,191042852121.47128
2023-02-02 05:30:00,1642.857168158598,9295116915.9373,197724834027.55963
2023-02-03 05:30:00,1648.6796840768716,12542560274.342657,198613736403.15057
2023-02-04 05:30:00,1665.4278712238624,9528083087.520357,200784153460.47113
2023-02-05 05:30:00,1667.2716925637008,6766208820.07522,201099652782.7474
2023-02-06 05:30:00,1631.3725233636533,8211226952.330717,196817854756.22067
2023-02-07 05:30:00,1617.144163289206,7825100535.008893,194725338782.41467
2023-02-08 05:30:00,1672.8226777758136,9180247305.88792,201779050385.86017
2023-02-09 05:30:00,1651.4083786023796,8766845417.320044,199107556553.15936
2023-02-10 05:30:00,1546.383768658398,12447757846.416866,186306817307.09564
2023-02-11 05:30:00,1515.5340268615535,9882779899.96751,182839491763.3784
2023-02-12 05:30:00,1541.9688769412712,6070233325.97355,185826666441.3843
2023-02-13 05:30:00,1515.3346311806397,6128794710.192691,182722050130.99646
2023-02-14 05:30:00,1506.9162010135053,11573812955.970678,181589830341.34802
2023-02-15 05:30:00,1556.963484345393,11723184974.304256,187619568130.73468
2023-02-16 05:30:00,1674.858207473528,11079231384.245422,201595282287.4858
2023-02-17 05:30:00,1646.143501886728,13388835215.08776,198370400841.4434
2023-02-18 05:30:00,1697.0848665737892,10807323083.841963,204534589183.7981
2023-02-19 05:30:00,1692.518962831222,5863446679.020431,203613145994.36063
2023-02-20 05:30:00,1680.3786857000732,7499517187.119554,202999098993.98264
2023-02-21 05:30:00,1700.1986814992663,8435810846.264387,204900256888.84143
2023-02-22 05:30:00,1656.582369571119,9728814194.484383,199387951962.05505
2023-02-23 05:30:00,1643.1733937453491,9836391621.850903,198153971276.35593
2023-02-24 05:30:00,1651.850006691427,9698749201.902168,198619189860.05594
2023-02-25 05:30:00,1608.1034936538365,9609840835.076471,193773223390.3348
2023-02-26 05:30:00,1593.9519737908456,6117521125.045025,192056375721.21072
2023-02-27 05:30:00,1640.5827101943062,6357994998.206232,197696596339.3676
2023-02-28 05:30:00,1633.9766289833817,7916573299.24559,197018105507.06073
2023-03-01 05:30:00,1606.632639454843,6883711561.9226,193276888983.6779
2023-03-02 05:30:00,1663.925777294461,8672222866.055677,200476156508.34192
2023-03-03 05:30:00,1647.6646669077718,7930395056.206914,198520753673.54544
2023-03-04 05:30:00,1570.668210599776,11179316252.20772,189178795460.26093
2023-03-05 05:30:00,1568.4956010562191,4800994312.370927,189002414068.6852
2023-03-06 05:30:00,1563.2256620056303,62172854406.22754,188337456156.2138
2023-03-07 05:30:00,1567.3501465252189,6627693313.532333,188803304807.84476
2023-03-08 05:30:00,1563.8131822475007,8523808476.527845,187945419858.86072
2023-03-09 05:30:00,1535.2602520971097,11881879818.725237,185138878803.2572
2023-03-10 05:30:00,1440.1676618801841,10861201441.135424,173232609854.28854
2023-03-11 05:30:00,1429.6031691041849,14696381616.840977,172474466355.71472
2023-03-12 05:30:00,1474.40324440156,18345198261.395977,176915178456.41873
2023-03-13 05:30:00,1588.1968020530471,13967891188.499998,190440681263.21286
2023-03-14 05:30:00,1678.915634393308,65211714924.508385,202294154847.0903
2023-03-15 05:30:00,1708.300897366666,19833762797.583607,205738833552.65433
2023-03-16 05:30:00,1658.0701085663115,17257648020.36215,199607487558.33243
2023-03-17 05:30:00,1679.7924762080895,30201930394.76128,202411234958.15692
2023-03-18 05:30:00,1793.2988017342332,14459727611.041805,215660560704.77524
2023-03-19 05:30:00,1769.4253269123851,11976182095.296051,213123927233.32803
2023-03-20 05:30:00,1801.3674190114587,10745813975.10349,217844457987.9951
2023-03-21 05:30:00,1744.4414599600184,12973595973.359987,209763828559.92316
2023-03-22 05:30:00,1811.4112436682735,10831022955.199936,218008486913.68356
2023-03-23 05:30:00,1747.6400281141143,13820716099.501862,210285658211.08432
2023-03-24 05:30:00,1824.9566578949327,10980967034.937744,219518418514.19247
2023-03-25 05:30:00,1751.2194078261725,11601017881.786583,212072713258.261
2023-03-26 05:30:00,1753.982636507409,8023849174.389528,211355889911.33264
2023-03-27 05:30:00,1776.867690456723,8417258785.455161,214528709136.8291
2023-03-28 05:30:00,1719.1709726748606,9757415238.165146,206685090340.53693
2023-03-29 05:30:00,1776.0436393298319,9548011563.71663,213909228254.6471
2023-03-30 05:30:00,1795.5369478273235,10395388838.768845,216268184816.82077
2023-03-31 05:30:00,1792.9085783080432,10958214915.427898,216024475834.15308
2023-04-01 05:30:00,1824.0200055528176,10329452626.6318,219903281108.44144
2023-04-02 05:30:00,1823.0003798253083,6199278060.289369,219561711559.00998
2023-04-03 05:30:00,1797.7369883938552,6679784659.59878,216494189054.4792
2023-04-04 05:30:00,1810.466255484756,11141583996.17221,218499091537.94772
2023-04-05 05:30:00,1871.333525898643,11580514457.961863,225257854355.94864
2023-04-06 05:30:00,1911.3386899517511,11586484696.705976,230370056366.2714
2023-04-07 05:30:00,1872.2466823679094,9208408844.045069,225549620778.91388
2023-04-08 05:30:00,1866.6575447874154,9298216041.371656,224884695655.05383
2023-04-09 05:30:00,1851.0506710706206,5970294474.952573,223169245107.38303
2023-04-10 05:30:00,1859.9403872878142,7405572878.99046,224219517643.81366
2023-04-11 05:30:00,1909.8820609415914,9639736045.970774,230201702660.8635
2023-04-12 05:30:00,1892.938911069582,10245367683.712158,227988460702.9362
2023-04-13 05:30:00,1920.2230311931223,13152150835.227224,231476399968.9067
2023-04-14 05:30:00,2012.785415162006,13956404022.579199,242284529486.34308
2023-04-15 05:30:00,2102.9461882949076,17899705467.092876,252719453976.0147
2023-04-16 05:30:00,2093.166331331955,9272832786.084044,251586840869.99887
2023-04-17 05:30:00,2118.5987891538853,8879608633.84169,253507799906.4971
2023-04-18 05:30:00,2077.5356646371833,10818847581.540735,247900016291.37604
2023-04-19 05:30:00,2103.2788135921514,10121134598.143476,251100187595.887
2023-04-20 05:30:00,1936.4259207983632,15695628542.024448,231458322403.79388
2023-04-21 05:30:00,1943.4355981925776,12422352272.165218,233965107542.7419
2023-04-22 05:30:00,1850.1497384242152,13427480065.767443,222536195564.3714
2023-04-23 05:30:00,1877.5413280611456,7809497062.825459,226130094815.9329
2023-04-24 05:30:00,1863.6391422142244,7375382210.29527,224130103074.64252
2023-04-25 05:30:00,1842.6307920871575,9177916724.0864,221819334333.29037
2023-04-26 05:30:00,1870.5652231230274,9669740943.905441,225096171581.73505
2023-04-27 05:30:00,1867.5893250124868,16137081936.11856,224807445929.1713
2023-04-28 05:30:00,1910.456779102895,17307261170.94721,229940294581.2185
2023-04-29 05:30:00,1894.4280839501073,8853391784.29081,228152292773.13092
2023-04-30 05:30:00,1905.2738522732104,5262009753.405011,229429843509.54
2023-05-01 05:30:00,1885.3919353369215,7328083478.977482,227186562478.89902
2023-05-02 05:30:00,1832.725799406749,9673378163.522745,220608989107.97202
2023-05-03 05:30:00,1870.828572787594,8338110887.912115,225192198744.26425
2023-05-04 05:30:00,1903.7282107352776,8855867548.894463,229058202737.14035
2023-05-05 05:30:00,1877.4011950525364,7156399180.62065,226033834100.12152
2023-05-06 05:30:00,1993.6129657474344,10662067255.96863,239911504424.29404
2023-05-07 05:30:00,1900.410599025731,11135926723.297115,228369002903.6794
2023-05-08 05:30:00,1895.2301480548908,6233921635.46938,228246618295.44156
2023-05-09 05:30:00,1849.2886295625283,11496171817.833504,222406833247.6045
2023-05-10 05:30:00,1846.0642640231483,6373057170.18455,222246427487.22958
2023-05-11 05:30:00,1842.865558834664,10471130832.935846,221632027136.72604
2023-05-12 05:30:00,1798.0719455262627,9217787395.589426,216323022928.9258
2023-05-13 05:30:00,1808.6949999015692,10530874714.299137,217659652941.87607
2023-05-14 05:30:00,1797.1994701376498,5150212384.025403,216032102439.73022
2023-05-15 05:30:00,1799.0086586150053,4914907456.467633,216439514891.84528
